desc,link,posttime,title
,https://www.huxiu.com/article/320761.html,2019-10-09 16:52,早熟的趣头条会早衰吗？
,https://www.huxiu.com/article/320864.html,2019-10-09 17:31,愿你没有罗永浩这样的领导
,https://www.huxiu.com/article/320767.html,2019-10-09 08:06,“献礼方法论”
,https://www.huxiu.com/article/320861.html,2019-10-09 17:17,曾经战火纷飞的伊拉克为何再次动荡？
,https://www.huxiu.com/article/320792.html,2019-10-09 10:40,长租公寓IPO生死时速
,https://www.huxiu.com/article/320747.html,2019-10-09 10:52,谁在收割印度的社交媒体
,https://www.huxiu.com/article/320859.html,2019-10-09 17:02,诺贝尔奖哪家强？
,https://www.huxiu.com/article/320808.html,2019-10-09 12:10,A股或将诞生“同股不同权第一股”？
,https://www.huxiu.com/article/320771.html,2019-10-09 11:00,洗去油彩的小丑，露出了你我的脸
,https://www.huxiu.com/article/320773.html,2019-10-09 13:00,到《幽灵行动：断点》，欧美大厂们终于把“开放世界”玩死了
,https://www.huxiu.com/article/320822.html,2019-10-09 14:03,“断供”委内瑞拉，Adobe成了美国制裁的工具？
,https://www.huxiu.com/article/320839.html,2019-10-09 14:55,校园装修环评质量未过关，怎可仓促入学？
,https://www.huxiu.com/article/320801.html,2019-10-09 15:00,从国企离职，几个人在东北的电器城里开了家书店
,https://www.huxiu.com/article/320816.html?f=index_video,2019-10-09 14:02,为什么“小丑”的来历如此神秘？
,https://www.huxiu.com/article/320785.html,2019-10-09 15:50,生鲜零售下半场，战火远比上半场激烈
,https://www.huxiu.com/article/320845.html,2019-10-09 15:17,经典实验再遭质疑，自由意志是否存在？
,https://www.huxiu.com/article/320810.html,2019-10-09 15:32,Arm杀入自定义指令集，成立自动驾驶计算联盟
,https://www.huxiu.com/article/320790.html,2019-10-09 16:16,花6000万“技术撤换”范冰冰、高云翔，《巴清传》到底能播吗？
,https://www.huxiu.com/article/320793.html,2019-10-09 16:37,上海梦醒互联网
